sno,Class,TestcaseName,TestStepsExecuted,TestStepsPassed,TestStepsFailed,classpassSteps,classfailSteps,modelpassSteps,modelfailSteps,extpassSteps,extfailSteps,intepassSteps,intefailSteps,entertinpassSteps,entertinfailSteps,perforpassSteps,perforfailSteps,TestOutputFile,ExecStartTime,ExecEndTime,Executedby,ResultCode,ModelYearCode,TypeCode,RegionCode,LanguageCode,EnvironmentCode,status
75,null,23,8,5,3,0,0,0,0,0,0,0,0,0,0,0,0,,11/5/2020 11:59,11/5/2020 12:00,shanta.shetty,2,2021,1,1,1,3,A
76,GLB,GLB 250,275,271,4,63,2,0,0,36,1,27,0,77,1,68,0,,11/5/2020 12:36,11/5/2020 12:38,shanta.shetty,2,2021,1,1,1,3,A
77,GLB,GLB 250 4M,279,275,4,63,2,0,0,36,1,27,0,75,1,74,0,,11/5/2020 12:39,11/5/2020 12:40,shanta.shetty,2,2021,1,1,1,3,A
78,GLC,AMG GLC43 SUV,261,258,3,54,1,0,0,31,0,39,1,69,1,65,0,,11/5/2020 12:40,11/5/2020 12:42,shanta.shetty,2,2021,1,1,1,3,A
79,GLC,AMG GLC63 SUV,249,247,2,54,1,0,0,33,0,31,0,67,1,62,0,,11/5/2020 12:42,11/5/2020 12:44,shanta.shetty,2,2021,1,1,1,3,A
80,GLC-class,AMG GLC43 Coupe,258,254,4,47,0,0,0,33,2,39,0,72,2,63,0,,11/5/2020 12:44,11/5/2020 12:46,shanta.shetty,2,2021,1,1,1,3,A
81,GLC-class,AMG GLC63 Coupe,249,246,3,47,0,0,0,36,1,33,0,70,2,60,0,,11/5/2020 12:46,11/5/2020 12:48,shanta.shetty,2,2021,1,1,1,3,A
82,null,AMG GLC63S Coupe,248,245,3,47,0,0,0,38,1,30,0,70,2,60,0,,11/5/2020 12:48,11/5/2020 12:51,shanta.shetty,2,2021,1,1,1,3,A
83,G-Class,G550W4,306,305,1,66,0,0,0,43,0,43,0,78,1,75,0,,11/5/2020 12:51,11/5/2020 12:53,shanta.shetty,2,2021,1,1,1,3,A
84,G-Class,G63W4,298,297,1,57,0,0,0,41,0,33,0,75,1,91,0,,11/5/2020 12:53,11/5/2020 12:55,shanta.shetty,2,2021,1,1,1,3,A
85,C-Class,AMG C43 sedan,251,248,3,66,0,0,0,27,0,30,2,64,1,61,0,,11/5/2020 12:55,11/5/2020 12:57,shanta.shetty,2,2021,1,1,1,3,A
86,C-Class,AMG C63 sedan,241,238,3,66,0,0,0,22,0,26,2,68,1,56,0,,11/5/2020 12:57,11/5/2020 12:59,shanta.shetty,2,2021,1,1,1,3,A
87,C-Class,AMG C63S sedan,243,240,3,66,0,0,0,21,0,24,2,68,1,61,0,,11/5/2020 13:00,11/5/2020 13:03,shanta.shetty,2,2021,1,1,1,3,A
88,Coupe,AMG C 43 Coupe,240,238,2,57,1,0,0,30,0,28,0,68,1,55,0,,11/5/2020 13:03,11/5/2020 13:05,shanta.shetty,2,2021,1,1,1,3,A
89,Coupe,AMG C 63 Coupe,235,233,2,57,1,0,0,28,0,26,0,70,1,52,0,,11/5/2020 13:05,11/5/2020 13:06,shanta.shetty,2,2021,1,1,1,3,A
90,Coupe,AMG C 63 S Coupe,238,236,2,57,1,0,0,28,0,25,0,68,1,58,0,,11/5/2020 13:06,11/5/2020 13:08,shanta.shetty,2,2021,1,1,1,3,A
91,S-class,S 650 Sedan,291,289,2,64,0,0,0,28,0,26,0,77,1,94,1,,11/5/2020 13:09,11/5/2020 13:10,shanta.shetty,2,2021,1,1,1,3,A
92,S-Class,S 450 Sedan,277,276,1,66,0,0,0,22,0,48,0,81,1,59,0,,11/5/2020 13:11,11/5/2020 13:12,shanta.shetty,2,2021,1,1,1,3,A
93,S-Class,S 450 4MATIC Sedan,280,279,1,66,0,0,0,22,0,48,0,81,1,62,0,,11/5/2020 13:12,11/5/2020 13:14,shanta.shetty,2,2021,1,1,1,3,A
94,S-Class,S 560 Sedan,281,280,1,66,0,0,0,23,0,45,0,81,1,65,0,,11/5/2020 13:14,11/5/2020 13:16,shanta.shetty,2,2021,1,1,1,3,A
95,S-Class,S 560 4MATIC Sedan,278,277,1,66,0,0,0,23,0,45,0,81,1,62,0,,11/5/2020 13:16,11/5/2020 13:17,shanta.shetty,2,2021,1,1,1,3,A
96,S-Class,AMG S 63 Sedan,289,287,2,60,0,0,0,25,0,47,0,83,1,72,1,,11/5/2020 13:17,11/5/2020 13:19,shanta.shetty,2,2021,1,1,1,3,A
97,E-Class,AMG E 63 S Wagon,312,310,2,62,0,0,0,29,0,34,0,98,1,87,1,,11/5/2020 13:20,11/5/2020 13:22,shanta.shetty,2,2021,1,1,1,3,A
98,GT,AMG GT Coupe,230,229,1,63,0,0,0,25,0,19,0,65,1,57,0,,11/5/2020 13:22,11/5/2020 13:23,shanta.shetty,2,2021,1,1,1,3,A
99,GT,AMG GT C Coupe,265,264,1,63,0,0,0,27,0,37,0,63,1,74,0,,11/5/2020 13:23,11/5/2020 13:25,shanta.shetty,2,2021,1,1,1,3,A
100,GT,AMG GT R Coupe,229,228,1,53,0,0,0,23,0,19,0,53,1,80,0,,11/5/2020 13:25,11/5/2020 13:27,shanta.shetty,2,2021,1,1,1,3,A
101,GT,AMG GT Roadster,239,237,2,62,1,0,0,25,0,19,0,63,1,68,0,,11/5/2020 13:27,11/5/2020 13:29,shanta.shetty,2,2021,1,1,1,3,A
102,GT,AMG GT C Roadster,261,259,2,62,1,0,0,29,0,30,0,63,1,75,0,,11/5/2020 13:29,11/5/2020 13:31,shanta.shetty,2,2021,1,1,1,3,A
103,Coupe,AMG GT 53 4-door Coupe,313,311,2,66,0,0,0,27,0,37,0,111,1,70,1,,11/5/2020 13:31,11/5/2020 13:34,shanta.shetty,2,2021,1,1,1,3,A
104,Coupe,AMG GT 63 4-door Coupe,342,341,1,66,0,0,0,37,0,41,0,111,1,86,0,,11/5/2020 13:34,11/5/2020 13:35,shanta.shetty,2,2021,1,1,1,3,A
105,Coupe,AMG GT 63 S 4-door Coupe,344,343,1,66,0,0,0,43,0,32,0,112,1,90,0,,11/5/2020 13:35,11/5/2020 13:37,shanta.shetty,2,2021,1,1,1,3,A
106,GT,AMG GT R Roadster,234,232,2,56,1,0,0,26,0,14,0,59,1,77,0,,11/5/2020 13:37,11/5/2020 13:38,shanta.shetty,2,2021,1,1,1,3,A
107,S-Class,S560C4,247,246,1,62,0,0,0,21,0,22,0,75,1,66,0,,11/5/2020 13:38,11/5/2020 13:40,shanta.shetty,2,2021,1,1,1,3,A
108,S-Class,S63C4,272,271,1,61,0,0,0,26,0,32,0,76,1,76,0,,11/5/2020 13:40,11/5/2020 13:41,shanta.shetty,2,2021,1,1,1,3,A
109,C-Class,AMG C 43,253,252,1,60,0,0,0,34,0,29,0,72,1,57,0,,11/5/2020 13:41,11/5/2020 13:43,shanta.shetty,2,2021,1,1,1,3,A
110,C-Class,AMG C 63,242,240,2,60,0,0,0,30,0,25,0,68,2,57,0,,11/5/2020 13:43,11/5/2020 13:45,shanta.shetty,2,2021,1,1,1,3,A
111,C-Class,AMG C 63S,239,237,2,60,0,0,0,30,0,25,0,68,2,54,0,,11/5/2020 13:45,11/5/2020 13:46,shanta.shetty,2,2021,1,1,1,3,A
112,E-Class,E 450 Cabriolet,280,186,94,23,39,0,0,21,8,17,7,66,25,59,15,,11/5/2020 13:46,11/5/2020 13:48,shanta.shetty,2,2021,1,1,1,3,A
113,E-Class,E 450 4MATIC Cabriolet,283,188,95,22,40,0,0,21,8,17,7,66,25,62,15,,11/5/2020 13:48,11/5/2020 13:50,shanta.shetty,2,2021,1,1,1,3,A
114,E-Class,AMG E 53 Cabriolet,300,204,96,32,28,0,0,23,11,12,13,71,28,66,16,,11/5/2020 13:50,11/5/2020 13:52,shanta.shetty,2,2021,1,1,1,3,A
115,S-Class,S 560 Cabriolet,240,238,2,56,1,0,0,25,0,19,0,72,1,66,0,,11/5/2020 13:52,11/5/2020 13:54,shanta.shetty,2,2021,1,1,1,3,A
116,S-Class,AMG S 63 Cabriolet,269,267,2,59,0,0,0,28,0,29,0,72,1,79,1,,11/5/2020 13:54,11/5/2020 13:55,shanta.shetty,2,2021,1,1,1,3,A
117,SL,SL 450 Roadster,208,206,2,53,0,0,0,13,0,40,1,49,1,51,0,,11/5/2020 13:55,11/5/2020 13:57,shanta.shetty,2,2021,1,1,1,3,A
118,SL,SL 550 Roadster,212,210,2,53,0,0,0,12,0,40,1,54,1,51,0,,11/5/2020 13:57,11/5/2020 13:58,shanta.shetty,2,2021,1,1,1,3,A
119,SLC,SLC 300 Roadster,201,201,0,55,0,0,0,24,0,40,0,39,0,43,0,,11/5/2020 13:58,11/5/2020 14:00,shanta.shetty,1,2021,1,1,1,3,A
120,SLC,AMG SLC 43 Roadster,211,210,1,55,0,0,0,21,0,35,0,50,1,49,0,,11/5/2020 14:00,11/5/2020 14:01,shanta.shetty,2,2021,1,1,1,3,A
121,S-class,S 560 4MATIC Sedan,294,292,2,64,0,0,0,28,0,26,0,77,1,97,1,,11/5/2020 14:27,11/5/2020 14:30,shanta.shetty,2,2021,1,1,1,3,A
122,null,First Class Key Protection,8,5,3,0,0,0,0,0,0,0,0,0,0,0,0,,11/5/2020 15:27,11/5/2020 15:29,shanta.shetty,2,2021,1,1,1,3,A
